"\"AAjax"	2
"\"APeacefulWarrior"	2
"\"A_Nihilist"	3
"\"Abe_Vigoda"	4
"\"Achalemoipas"	3
"\"Allakhellboy"	2
"\"AmidTheSnow"	2
"\"AngMoKio"	3
"\"AnnArchist"	3
"\"Annie34"	2
"\"Anomaly100"	2
"\"Atario"	2
"\"BBQCopter"	4
"\"BaronVonMannsechs"	2
"\"BerateBirthers"	2
"\"BiggyDiggs"	2
"\"BlueRenner"	2
"\"Bob3333"	2
"\"BolshevikMuppet"	2
"\"CaptOblivious"	3
"\"ChaosBeast"	3
"\"ChaosMotor"	3
"\"CliffDropOver"	5
"\"Clintondiditfirst"	2
"\"CoolWeasel"	2
"\"CoyoteLightning"	4
"\"Cputerace"	2
"\"Crazyftw"	2
"\"Dan_K"	5
"\"DefinitelyRelephant"	2
"\"Denny_Craine"	2
"\"Diet_of_Worms"	2
"\"Diogenean"	2
"\"Dizzy_Slip"	2
"\"Drowlord101"	2
"\"DudeAsInCool"	2
"\"EatSleepJeep"	2
"\"Epistaxis"	2
"\"EricWRN"	2
"\"Euphemism"	3
"\"FANGO"	3
"\"Facehammer"	9
"\"Fantastic_Nacho"	2
"\"FerociousImbecile"	3
"\"FloorPlan"	3
"\"FortHouston"	4
"\"FrankManic"	2
"\"GTChessplayer"	7
"\"Gareth321"	2
"\"GoatBased"	2
"\"GregorMendel"	3
"\"Grow_Up_To_Be"	2
"\"Grue"	2
"\"HappyGlucklichJr"	5
"\"Hubbell"	2
"\"ILikeBumblebees"	2
"\"I_TAKE_HATS"	2
"\"I_divided_by_0-"	4
"\"I_luvtheCIA"	3
"\"Iliketophats"	2
"\"Imeatbag"	2
"\"InCahoots"	2
"\"InterPunct"	2
"\"IrishJoe"	3
"\"Isellmacs"	2
"\"JCacho"	2
"\"Jahonay"	2
"\"JannyLynnF"	2
"\"JesusLoves"	2
"\"JohnnyBeagle"	5
"\"Johnny_Cash"	2
"\"JoshSN"	3
"\"Kalium"	2
"\"Law_Student"	2
"\"Liar_tuck"	2
"\"LordVoldemort"	3
"\"Lots42"	4
"\"Lyrebird"	2
"\"M0b1u5"	3
"\"MagCynic"	3
"\"Malician"	2
"\"Mextli"	2
"\"Microtom"	2
"\"Midwest_Product"	5
"\"Moh7"	2
"\"MyriPlanet"	2
"\"Nefandi"	2
"\"NeoTheta"	2
"\"NickConrad"	2
"\"NoMoreNicksLeft"	16
"\"Nungesser"	2
"\"ObamaBi_nla_den"	2
"\"Offensive_Brute"	2
"\"Orangutan"	2
"\"Oryx"	2
"\"PDB"	2
"\"Paxalot"	2
"\"Peter-W"	3
"\"Phaedryn"	2
"\"Poop_is_Food"	3
"\"Popozuda72"	2
"\"ProudLikeCowz"	2
"\"Proxysetting"	2
"\"Quipster99"	3
"\"R3luctant"	2
"\"RON-PAUL-SUCKS"	3
"\"Ra__"	6
"\"RahsAlGhul"	2
"\"Rakajj"	2
"\"RandsFoodStamps"	2
"\"ReneFonck"	3
"\"Reporter"	2
"\"RiskyChris"	3
"\"Roach55"	2
"\"Samueul"	5
"\"SargonOfAkkad"	2
"\"Shiba-Shiba"	2
"\"Shredder13"	3
"\"Sidwill"	2
"\"SigmaMu"	2
"\"SigmoidFreund"	2
"\"SiliconDoc"	2
"\"Southieman"	2
"\"Space_Poet"	3
"\"SpinningHead"	3
"\"Starblade"	2
"\"Stingray88"	2
"\"StoopidFlanders"	4
"\"StrangeWill"	2
"\"Superconducter"	3
"\"TaiserSoze"	2
"\"Thadster"	2
"\"The3rdWorld"	2
"\"Toava"	6
"\"Tommstein"	2
"\"Trollkiller"	2
"\"TruthinessHurts"	10
"\"UFOabductee"	2
"\"UptownDonkey"	2
"\"Utopianow"	2
"\"Vinay92"	2
"\"WTFppl"	2
"\"WayToFindOut"	4
"\"WebZen"	2
"\"Whit2312"	4
"\"WhoKilledTeddyBear"	2
"\"WhyHellYeah"	2
"\"WipeHandsOnPants"	2
"\"Wisco"	3
"\"Wordie"	2
"\"Wrym"	2
"\"YoMammaObama"	4
"\"Yserbius"	2
"\"abk0100"	2
"\"abudabu"	2
"\"adrianmonk"	2
"\"agnosticnixie"	2
"\"ak47girl"	2
"\"aletoledo"	7
"\"alllie"	5
"\"amstrdamordeath"	2
"\"apparatchik"	2
"\"argoATX"	2
"\"argoff"	2
"\"averyv"	2
"\"b0dhi"	2
"\"b34nz"	2
"\"backpackwayne"	5
"\"baconn"	2
"\"bantam83"	2
"\"berlinbrown"	2
"\"bigtacobill"	2
"\"blacksunalchemy"	3
"\"bobjohnsonmilw"	2
"\"bptst1"	2
"\"brocious"	3
"\"bsiviglia9"	2
"\"buckyVanBuren"	2
"\"bw1870"	2
"\"cadero"	2
"\"calantus"	2
"\"callipygian1"	2
"\"cefm"	2
"\"charbo187"	2
"\"cheney_healthcare"	11
"\"chicofaraby"	18
"\"chiguy"	8
"\"ckwing"	2
"\"cometparty"	4
"\"commontatoe"	2
"\"completely_harmless"	3
"\"contrarian"	2
"\"corporaterebel"	2
"\"crackduck"	5
"\"czhang706"	2
"\"d00ley"	2
"\"dacypo"	2
"\"dagwood111"	2
"\"dannyboy000"	2
"\"darjen"	2
"\"df1"	5
"\"dieyoung"	4
"\"diggizsofuckinggay"	2
"\"dimitrisokolov"	2
"\"djm19"	2
"\"donaldtrumptwat"	2
"\"doody"	2
"\"doubleherpes"	2
"\"downvotesmakemehard"	2
"\"dried_up_waterparks"	2
"\"e-socrates"	2
"\"eaturbrainz"	5
"\"edubation"	2
"\"eloquentnemesis"	2
"\"elvisliveson"	3
"\"endofworld"	3
"\"epsilona01"	2
"\"eramos"	2
"\"eromitlab"	2
"\"esparza74"	2
"\"ex_ample"	2
"\"executex"	2
"\"fartron"	2
"\"fingers"	4
"\"fitzroy95"	2
"\"fuckingkillme11441"	2
"\"garyp714"	4
"\"gc4life"	2
"\"gclary"	2
"\"getfuckingreal"	3
"\"ghibmmm"	3
"\"ghostchamber"	2
"\"gimpbully"	2
"\"gloomdoom"	5
"\"gnaritas"	3
"\"go_away"	2
"\"gorgewall"	2
"\"grandhighwonko"	2
"\"greengordon"	2
"\"greginnj"	2
"\"guysmiley00"	2
"\"hans1193"	2
"\"harveyardman"	2
"\"hb_alien"	2
"\"hblask"	6
"\"helpadingoatemybaby"	11
"\"heystoopid"	2
"\"higgenz"	2
"\"hostcord1"	2
"\"huntwhales"	2
"\"hydrogen18"	2
"\"iamjacksprofile"	3
"\"indyguy"	2
"\"innocentbystander"	3
"\"insomniac84"	3
"\"intangible-tangerine"	2
"\"inthewater"	2
"\"ithkuil"	2
"\"itstallion"	2
"\"ivanmarsh"	5
"\"jcm267"	2
"\"jeepster4"	2
"\"john2kxx"	3
"\"johnleemk"	3
"\"johnpseudo"	2
"\"johnwallis42"	3
"\"jparram"	2
"\"jscoppe"	2
"\"justanothercommenter"	3
"\"justjim73"	2
"\"kbilly"	2
"\"keithjr"	2
"\"kingsway8605"	2
"\"knud"	2
"\"kommie"	2
"\"krackbaby"	2
"\"krugerlive"	2
"\"krugmanisapuppet"	3
"\"l33tb3rt"	4
"\"letdogsvote"	3
"\"liberty_pen"	3
"\"limabeans45"	2
"\"limolib"	3
"\"loondawg"	2
"\"luftwaffle0"	2
"\"lumpy1981"	3
"\"lysine23"	2
"\"maineac"	2
"\"makesureimjewish"	2
"\"malcontent"	17
"\"maleman"	3
"\"malevolentjelly"	2
"\"matthank"	2
"\"matts2"	9
"\"mavriksfan11"	2
"\"mayonesa"	3
"\"mcbush"	2
"\"meatspace"	2
"\"merdock379"	2
"\"meritory"	2
"\"mexicodoug"	2
"\"mgibbons"	4
"\"mike1210"	3
"\"mikelieman"	3
"\"militant"	2
"\"mitchwells"	2
"\"mjsolaro"	2
"\"modestokun"	2
"\"monkeyman114"	4
"\"monkeymynd"	2
"\"mordaunt0"	3
"\"mothereffingteresa"	4
"\"mr_mcse"	4
"\"mrdarrenh"	2
"\"mrzack"	2
"\"muhnooer"	2
"\"munky9001"	2
"\"murrdpirate"	2
"\"mutatron"	8
"\"muyoso"	4
"\"mwarden"	8
"\"mweathr"	2
"\"neilmcc"	2
"\"newliberty"	2
"\"nickcrz"	3
"\"nicksauce"	2
"\"nixonrichard"	7
"\"nobody25864"	4
"\"normansoddy"	2
"\"nosoupforyou"	4
"\"novenator"	2
"\"onemanclic"	2
"\"onesideofthestory"	4
"\"onique"	8
"\"osmosisgenius"	4
"\"overtoke"	3
"\"p3on"	2
"\"palsh7"	2
"\"parkerknoll"	2
"\"perspextive"	2
"\"philistinian"	3
"\"pitofdoom"	8
"\"plan9crunch"	2
"\"poli_ticks"	4
"\"political"	2
"\"powercow"	5
"\"qarl"	2
"\"raedix"	2
"\"raise_the_black_flag"	2
"\"randomb0y"	2
"\"raziphel"	2
"\"readyready"	2
"\"recreational"	2
"\"redditorguy"	2
"\"revoman"	4
"\"richmomz"	6
"\"rjung"	3
"\"rocketwidget"	3
"\"rox0r"	2
"\"ruesdedr"	2
"\"s73v3r"	3
"\"sakebomb69"	4
"\"scylla"	2
"\"secretchimp"	2
"\"seedypete"	4
"\"seltaeb4"	2
"\"sge_fan"	5
"\"shallah"	3
"\"shard972"	2
"\"shiner_man"	5
"\"shoguntux"	2
"\"shrewd"	2
"\"sickpharaoh"	2
"\"sirbruce"	2
"\"skcin7"	2
"\"skeletor100"	4
"\"smacfarl"	2
"\"smsc"	2
"\"soaringrooster"	2
"\"sombish"	2
"\"sorunx"	2
"\"spacedout"	2
"\"spaceghoti"	3
"\"spacem00se"	2
"\"spyplaneairborn"	2
"\"staiano"	2
"\"stlouisbrowns"	2
"\"stop_alj_censorship"	2
"\"streptomycin"	2
"\"strike2867"	2
"\"svengalus"	2
"\"swagohome"	2
"\"syroncoda"	2
"\"tanstaafl90"	2
"\"tararabbit111279"	2
"\"tau-lepton"	2
"\"tesserakt"	2
"\"theDrWho"	2
"\"thedude37"	9
"\"thehumungus"	2
"\"thekingoflapland"	3
"\"thelivingk"	2
"\"theodorAdorno"	2
"\"thespace"	2
"\"thezombiebot"	2
"\"thisnotanagram"	2
"\"those_draculas"	2
"\"tjogin"	2
"\"tom2275"	2
"\"truthHIPS"	2
"\"txstoploss"	4
"\"u2canfail"	2
"\"uberalles2"	2
"\"ubergeek404"	2
"\"uiuiuiu"	2
"\"ultralame"	2
"\"umbama"	2
"\"unifuge"	2
"\"uriel"	5
"\"vbullinger"	2
"\"verbify"	2
"\"vodka357"	2
"\"warehousedude"	2
"\"whitedawg"	2
"\"whozurdaddy"	3
"\"wojosmith"	2
"\"wolfsktaag"	2
"\"xoites"	2
"\"xtom"	2
"\"yep45"	2
"\"ylca"	2
"\"yoda133113"	3
"\"yul_brynner"	2
"\"zackks"	2
"\"zeron5"	5
"\"zookeebzee"	2
"\"zotquix"	7
